{
  "GOOGL": 0.0,
  "BRK-B": 3.243054829513079e-17,
  "ASML.AS": 0.0,
  "BESI.AS": 0.0,
  "ASM.AS": 0.0,
  "HUT": 0.5591732362938253,
  "DAC": 12.48947406696921,
  "AMR": 11.980599822991055,
  "FLOW.AS": 11.732044080020414,
  "HAL.AS": 8.570186477184413e-15,
  "NVDA": 6.410958148467345,
  "EXO.AS": 0.0,
  "PLTR": 6.1396829854505945,
  "BTC": 0.0,
  "ETH": 9.810610298076121e-14,
  "SOL": 0.0,
  "MC.PA": 5.788846685218313e-14,
  "TNDM": 1.3963421783368762e-13,
  "AAPL": 1.1077332884799443e-14,
  "TSLA": 0.0,
  "MSFT": 0.0,
  "AMZN": 2.031886804272911e-14,
  "META": 0.0,
  "JPM": 0.0,
  "JNJ": 1.3274310790219939e-14,
  "V": 0.0,
  "PG": 1.8125064329160117e-14,
  "UNH": 5.847038738142734e-14,
  "HD": 1.1181095543266093e-14,
  "MA": 3.840397926857601e-14,
  "BAC": 4.618269903385018e-14,
  "XOM": 0.0,
  "CVX": 3.5039057385513746e-15,
  "LLY": 18.397716756335285,
  "MRK": 1.8774947816510582e-14,
  "AVGO": 1.531519805532091,
  "COST": 0.0,
  "CRM": 1.9290440464871234e-13,
  "ABBV": 9.440867833134753,
  "WMT": 0.0,
  "KO": 0.0,
  "PEP": 0.0,
  "ACN": 1.8336103828234984e-14,
  "SAP.DE": 0.0,
  "SIE.DE": 0.0,
  "RMS.PA": 8.05374150906986,
  "LIN.DE": 0.0,
  "AI.PA": 1.985216604593255e-15,
  "DGE.L": 2.7339953871245446,
  "NOVO-B.CO": 6.776682577971678,
  "ASML": 7.398444970954092e-14,
  "ADYEN.AS": 6.568379607954217e-15,
  "BMW.DE": 0.0,
  "SAN.MC": 0.0,
  "TEF.MC": 0.0,
  "OR.PA": 1.4732345287036568e-14,
  "BNP.PA": 1.2165616377821244,
  "CS.PA": 2.0042305840729258,
  "ABI.BR": 2.528501437473052e-14,
  "PHIA.AS": 3.5484191042613414e-14,
  "UNA.AS": 0.0,
  "SU.PA": 0.0,
  "BABA": 1.557316248327665e-13,
  "TCEHY": 3.403164569224383e-14,
  "JD": 7.753118950800893e-14,
  "BIDU": 4.840689123870562e-14,
  "NTES": 0.0,
  "XPEV": 2.562708974705133e-14,
  "LI": 0.0,
  "NIO": 7.229366311517565e-14,
  "PDD": 0.5327515687841884,
  "TAL": 9.523176393816122e-14,
  "CASH": 0.0,
  "TBILLS": 0.0
}