{
  "GOOGL": 9.81110078691126e-14,
  "BRK-B": 8.810541508213582e-14,
  "ASML.AS": 6.89897996981008e-14,
  "BESI.AS": 1.8650559869484898e-13,
  "ASM.AS": 2.9561358277444266e-13,
  "HUT": 9.067896686268952e-14,
  "DAC": 7.290244701806086,
  "AMR": 7.996011838786153,
  "FLOW.AS": 12.584940043895537,
  "HAL.AS": 7.358083302779776e-14,
  "NVDA": 2.529658300499859,
  "EXO.AS": 2.6498015487571417e-13,
  "PLTR": 4.542523148099372,
  "BTC": 1.900673503270749,
  "ETH": 1.0465703072431787e-13,
  "SOL": 1.1217516350320568e-13,
  "MC.PA": 1.345265824344193e-13,
  "TNDM": 8.32427649747456e-13,
  "AAPL": 5.1554519834137614e-14,
  "TSLA": 3.2477195143932673e-13,
  "MSFT": 6.343212684466587e-14,
  "AMZN": 1.662941042268183e-13,
  "META": 1.2386826994586092e-13,
  "JPM": 8.386992892805883e-14,
  "JNJ": 4.614657039641611e-15,
  "V": 1.596058876149352e-13,
  "PG": 1.2651905990309718e-13,
  "UNH": 4.198919029885361e-14,
  "HD": 1.6080843478338206e-13,
  "MA": 2.793554737374812e-13,
  "BAC": 2.903554775636101e-13,
  "XOM": 1.4160614921902878e-13,
  "CVX": 4.4907053412037053e-14,
  "LLY": 10.566063268838736,
  "MRK": 6.95688350498073e-15,
  "AVGO": 0.8104362914892469,
  "COST": 2.3348178286966954,
  "CRM": 2.6548458394505436e-13,
  "ABBV": 10.344270424987904,
  "WMT": 3.6784958714247633,
  "KO": 9.25065212267243e-14,
  "PEP": 7.678467454126229e-14,
  "ACN": 1.8053737250146934e-13,
  "SAP.DE": 2.6613575983651836e-13,
  "SIE.DE": 2.7258170664064656e-13,
  "RMS.PA": 7.083085156066521,
  "LIN.DE": 1.5906942242449515,
  "AI.PA": 1.4658317186099324e-13,
  "DGE.L": 1.6526901916988541,
  "NOVO-B.CO": 7.194781493712254,
  "ASML": 3.759814079259993e-13,
  "ADYEN.AS": 1.0022153302093005e-13,
  "BMW.DE": 2.589956527315017e-13,
  "SAN.MC": 1.6460617475007224e-13,
  "TEF.MC": 2.809598367659761e-13,
  "OR.PA": 9.117154228009147e-14,
  "BNP.PA": 1.1852742441664001,
  "CS.PA": 3.56295838289563,
  "ABI.BR": 6.103456048625834e-14,
  "PHIA.AS": 2.2724957406911124e-13,
  "UNA.AS": 12.707470661421633,
  "SU.PA": 1.5097311291631236e-13,
  "BABA": 5.85649723850124e-13,
  "TCEHY": 1.473889659801709e-13,
  "JD": 3.2911102831703347e-13,
  "BIDU": 5.970079869369364e-13,
  "NTES": 2.2247825493522353e-15,
  "XPEV": 9.266207698827818e-14,
  "LI": 2.646330710755126e-13,
  "NIO": 3.782957640183788e-13,
  "PDD": 0.37073518113866377,
  "TAL": 3.02090028895861e-13,
  "CASH": 2.8222709488287685e-13,
  "TBILLS": 0.07417524286003774
}