{
  "GOOGL": 0.0,
  "BRK-B": 2.3970528240498232e-14,
  "ASML.AS": 2.8960373530219566e-15,
  "BESI.AS": 2.731154594150003e-14,
  "ASM.AS": 0.0,
  "HUT": 0.5588309557659616,
  "DAC": 12.484700997431993,
  "AMR": 11.96656408495583,
  "FLOW.AS": 11.817974211843913,
  "HAL.AS": 8.699354641340274e-14,
  "NVDA": 6.405260025609214,
  "EXO.AS": 0.0,
  "PLTR": 6.135640947690572,
  "BTC": 3.959225412022394e-14,
  "ETH": 6.297032589350841e-14,
  "SOL": 4.1304118673599436e-14,
  "MC.PA": 1.8067473136187504e-14,
  "TNDM": 4.522223988549701e-14,
  "AAPL": 6.996571269665007e-15,
  "TSLA": 7.08716373573112e-14,
  "MSFT": 2.8209804574561758e-14,
  "AMZN": 1.6527387690768005e-14,
  "META": 1.53418523898359e-14,
  "JPM": 0.0,
  "JNJ": 4.564085320466265e-15,
  "V": 2.970718027608778e-14,
  "PG": 3.2284085140287136e-15,
  "UNH": 1.1889837382152604e-14,
  "HD": 2.7423184963086446e-14,
  "MA": 7.729520973223701e-14,
  "BAC": 4.3590488048849083e-16,
  "XOM": 0.0,
  "CVX": 0.0,
  "LLY": 18.32584656600703,
  "MRK": 1.53498822391918e-14,
  "AVGO": 1.5485877128510837,
  "COST": 0.0,
  "CRM": 0.0,
  "ABBV": 9.458482804384984,
  "WMT": 6.3580353426391384e-15,
  "KO": 0.0,
  "PEP": 0.0,
  "ACN": 0.0,
  "SAP.DE": 0.0,
  "SIE.DE": 0.0,
  "RMS.PA": 7.927178966170239,
  "LIN.DE": 0.0,
  "AI.PA": 7.813953025418807e-15,
  "DGE.L": 2.7325900397812446,
  "NOVO-B.CO": 6.910179618986784,
  "ASML": 2.1316271431587103e-15,
  "ADYEN.AS": 3.4496681136932334e-14,
  "BMW.DE": 0.0,
  "SAN.MC": 0.0,
  "TEF.MC": 0.0,
  "OR.PA": 0.0,
  "BNP.PA": 1.2006066171079548,
  "CS.PA": 1.9937092273499948,
  "ABI.BR": 0.0,
  "PHIA.AS": 2.0808299335515214e-14,
  "UNA.AS": 0.0,
  "SU.PA": 0.0,
  "BABA": 0.0,
  "TCEHY": 2.6130607336384697e-14,
  "JD": 0.0,
  "BIDU": 0.0,
  "NTES": 2.2176452236303427e-14,
  "XPEV": 0.0,
  "LI": 0.0,
  "NIO": 0.0,
  "PDD": 0.5338472240631096,
  "TAL": 0.0,
  "CASH": 3.276839677249699e-14,
  "TBILLS": 0.0
}