{
  "GOOGL": 1.9752239678243063e-14,
  "BRK-B": 0.0,
  "ASML.AS": 0.0,
  "BESI.AS": 0.0,
  "ASM.AS": 0.0,
  "HUT": 4.246880895997923e-13,
  "DAC": 7.096999206345467,
  "AMR": 7.904963406388095,
  "FLOW.AS": 12.245236770348185,
  "HAL.AS": 2.802841511025229e-13,
  "NVDA": 2.4256390615917156,
  "EXO.AS": 0.0,
  "PLTR": 4.7865748460465465,
  "BTC": 2.1883757565980715,
  "ETH": 1.1482584798906426e-13,
  "SOL": 0.0,
  "MC.PA": 3.521448224709127e-13,
  "TNDM": 2.799590614801559e-12,
  "AAPL": 0.0,
  "TSLA": 0.0,
  "MSFT": 1.68166595032424e-13,
  "AMZN": 2.3143783036371584e-13,
  "META": 0.0,
  "JPM": 0.0,
  "JNJ": 7.21588228092041e-14,
  "V": 3.278924262725736e-13,
  "PG": 0.0,
  "UNH": 1.6194504503667422e-13,
  "HD": 2.8612745657085784e-13,
  "MA": 6.006357478929265e-13,
  "BAC": 4.1302472898820694e-13,
  "XOM": 0.0,
  "CVX": 2.0629322405252294e-13,
  "LLY": 10.430643971270072,
  "MRK": 2.780880095347197e-14,
  "AVGO": 1.3056749866273945,
  "COST": 2.248571422185019,
  "CRM": 6.924660084594408e-13,
  "ABBV": 10.247645169978812,
  "WMT": 3.9699698961596197,
  "KO": 0.0,
  "PEP": 1.2698769894119196e-14,
  "ACN": 5.205206171261155e-13,
  "SAP.DE": 0.0,
  "SIE.DE": 0.0,
  "RMS.PA": 7.661616528977447,
  "LIN.DE": 0.8119728950489384,
  "AI.PA": 0.0,
  "DGE.L": 1.6416376104719677,
  "NOVO-B.CO": 7.561026390480493,
  "ASML": 7.992057358272026e-13,
  "ADYEN.AS": 1.76929941757455e-13,
  "BMW.DE": 0.0,
  "SAN.MC": 0.0,
  "TEF.MC": 0.0,
  "OR.PA": 2.357794061517002e-13,
  "BNP.PA": 0.6752242133311772,
  "CS.PA": 3.802768703839807,
  "ABI.BR": 3.156122871304652e-14,
  "PHIA.AS": 4.4169326469179585e-13,
  "UNA.AS": 12.746899711139378,
  "SU.PA": 0.0,
  "BABA": 6.649950222515465e-13,
  "TCEHY": 2.2553609715782129e-13,
  "JD": 5.58456298513914e-13,
  "BIDU": 1.1597260844233614e-12,
  "NTES": 0.0,
  "XPEV": 7.584225193758681e-14,
  "LI": 0.0,
  "NIO": 7.657864321637622e-13,
  "PDD": 0.2485594531658296,
  "TAL": 1.0162134805685724e-12
}